{"cameraMode":{"drawMode":0,"name":"Shaded","section":"Shading Mode"},"sceneLighting":false,"audioPlay":false,"sceneViewState":{"showFog":true,"showMaterialUpdate":false,"showSkybox":true,"showFlares":true,"showImageEffects":true,"showParticleSystems":true},"in2DMode":false,"pivot":{"x":-0.0006296634674072266,"y":0.9059298038482666,"z":-0.04406636953353882},"rotation":{"x":-0.19964373111724854,"y":0.007348937913775444,"z":0.0014973540091887117,"w":0.9798398613929749},"size":4.586462020874023,"orthographic":true}