{"cameraMode":{"drawMode":0,"name":"Shaded","section":"Shading Mode"},"sceneLighting":false,"audioPlay":false,"sceneViewState":{"showFog":true,"showMaterialUpdate":false,"showSkybox":true,"showFlares":true,"showImageEffects":true,"showParticleSystems":true},"in2DMode":false,"pivot":{"x":-0.000629723072052002,"y":0.9424325227737427,"z":-0.044865772128105167},"rotation":{"x":-0.24634568393230439,"y":0.4315575659275055,"z":-0.12377370893955231,"w":-0.858924925327301},"size":4.682590961456299,"orthographic":false}