{"cameraMode":{"drawMode":0,"name":"Shaded","section":"Shading Mode"},"sceneLighting":false,"audioPlay":false,"sceneViewState":{"showFog":true,"showMaterialUpdate":false,"showSkybox":true,"showFlares":true,"showImageEffects":true,"showParticleSystems":true},"in2DMode":false,"pivot":{"x":-0.0006296634674072266,"y":0.9241324663162231,"z":-0.047039926052093509},"rotation":{"x":-0.24634568393230439,"y":0.4315575659275055,"z":-0.12377370893955231,"w":-0.858924925327301},"size":4.631509780883789,"orthographic":false}