{"cameraMode":{"drawMode":0,"name":"Shaded","section":"Shading Mode"},"sceneLighting":true,"audioPlay":false,"sceneViewState":{"showFog":true,"showMaterialUpdate":false,"showSkybox":true,"showFlares":true,"showImageEffects":true,"showParticleSystems":true},"in2DMode":false,"pivot":{"x":421.0455017089844,"y":66.09867858886719,"z":17.534229278564454},"rotation":{"x":-0.19964373111724854,"y":0.007348937913775444,"z":0.0014973540091887117,"w":0.9798398613929749},"size":628.6832885742188,"orthographic":true}