{"cameraMode":{"drawMode":0,"name":"Shaded","section":"Shading Mode"},"sceneLighting":false,"audioPlay":false,"sceneViewState":{"showFog":true,"showMaterialUpdate":false,"showSkybox":true,"showFlares":true,"showImageEffects":true,"showParticleSystems":true},"in2DMode":false,"pivot":{"x":-3.070629596710205,"y":1.7241325378417969,"z":-9.180695533752442},"rotation":{"x":-0.24031370878219605,"y":0.19411759078502656,"z":-0.04911372438073158,"w":-0.9498187303543091},"size":3.576792001724243,"orthographic":false}