{"cameraMode":{"drawMode":0,"name":"Shaded","section":"Shading Mode"},"sceneLighting":false,"audioPlay":false,"sceneViewState":{"showFog":true,"showMaterialUpdate":false,"showSkybox":true,"showFlares":true,"showImageEffects":true,"showParticleSystems":true},"in2DMode":false,"pivot":{"x":23.25,"y":1.2030243873596192,"z":-26.357484817504884},"rotation":{"x":-0.05247919633984566,"y":0.7860077619552612,"z":-0.0673678070306778,"w":-0.6122902035713196},"size":5.551419734954834,"orthographic":false}