{"cameraMode":{"drawMode":0,"name":"Shaded","section":"Shading Mode"},"sceneLighting":false,"audioPlay":false,"sceneViewState":{"showFog":true,"showMaterialUpdate":false,"showSkybox":true,"showFlares":true,"showImageEffects":true,"showParticleSystems":true},"in2DMode":false,"pivot":{"x":-0.0430000014603138,"y":0.10400000214576721,"z":0.0020000000949949028},"rotation":{"x":-0.13150617480278016,"y":0.21092215180397035,"z":-0.028648875653743745,"w":-0.9681928157806397},"size":18.895719528198243,"orthographic":false}