{"cameraMode":{"drawMode":0,"name":"Shaded","section":"Shading Mode"},"sceneLighting":false,"audioPlay":false,"sceneViewState":{"showFog":true,"showMaterialUpdate":false,"showSkybox":true,"showFlares":true,"showImageEffects":true,"showParticleSystems":true},"in2DMode":false,"pivot":{"x":23.425500869750978,"y":2.1070940494537355,"z":-26.285863876342775},"rotation":{"x":-0.006262482143938541,"y":0.985466480255127,"z":-0.16561369597911836,"w":-0.037264786660671237},"size":2.039469003677368,"orthographic":false}