{"cameraMode":{"drawMode":0,"name":"Shaded","section":"Shading Mode"},"sceneLighting":true,"audioPlay":false,"sceneViewState":{"showFog":true,"showMaterialUpdate":false,"showSkybox":true,"showFlares":true,"showImageEffects":true,"showParticleSystems":true},"in2DMode":false,"pivot":{"x":5.754388332366943,"y":0.5812007188796997,"z":-23.85667610168457},"rotation":{"x":-0.13150617480278016,"y":0.21092215180397035,"z":-0.028648875653743745,"w":-0.9681928157806397},"size":27.5037841796875,"orthographic":false}