{"cameraMode":{"drawMode":0,"name":"Shaded","section":"Shading Mode"},"sceneLighting":false,"audioPlay":false,"sceneViewState":{"showFog":true,"showMaterialUpdate":true,"showSkybox":true,"showFlares":true,"showImageEffects":true,"showParticleSystems":true},"in2DMode":false,"pivot":{"x":194.85000610351563,"y":46.130001068115237,"z":-41.02299880981445},"rotation":{"x":0.26863783597946169,"y":-0.09373774379491806,"z":0.02627749741077423,"w":0.9583091735839844},"size":22.0,"orthographic":false}