{"cameraMode":{"drawMode":0,"name":"Shaded","section":"Shading Mode"},"sceneLighting":true,"audioPlay":false,"sceneViewState":{"showFog":true,"showMaterialUpdate":true,"showSkybox":true,"showFlares":true,"showImageEffects":true,"showParticleSystems":true},"in2DMode":false,"pivot":{"x":1.6586847305297852,"y":0.0,"z":11.685641288757325},"rotation":{"x":0.20515906810760499,"y":-0.07888009399175644,"z":0.01658036932349205,"w":0.9754039645195007},"size":80.11273956298828,"orthographic":false}