{"cameraMode":{"drawMode":0,"name":"Shaded","section":"Shading Mode"},"sceneLighting":false,"audioPlay":false,"sceneViewState":{"showFog":true,"showMaterialUpdate":false,"showSkybox":true,"showFlares":true,"showImageEffects":true,"showParticleSystems":true},"in2DMode":false,"pivot":{"x":13.234573364257813,"y":0.0,"z":-2.3227081298828127},"rotation":{"x":-0.06117762252688408,"y":-0.6213483214378357,"z":0.04875761270523071,"w":-0.7796193361282349},"size":18.782346725463868,"orthographic":false}