{"cameraMode":{"drawMode":0,"name":"Shaded","section":"Shading Mode"},"sceneLighting":false,"audioPlay":false,"sceneViewState":{"showFog":true,"showMaterialUpdate":false,"showSkybox":true,"showFlares":true,"showImageEffects":true,"showParticleSystems":true},"in2DMode":false,"pivot":{"x":-29.559186935424806,"y":0.5724136233329773,"z":7.348726749420166},"rotation":{"x":0.22627747058868409,"y":-0.40678247809410097,"z":0.10473568737506867,"w":0.8788384199142456},"size":1.9659990072250367,"orthographic":false}