{"cameraMode":{"drawMode":0,"name":"Shaded","section":"Shading Mode"},"sceneLighting":false,"audioPlay":false,"sceneViewState":{"showFog":true,"showMaterialUpdate":false,"showSkybox":true,"showFlares":true,"showImageEffects":true,"showParticleSystems":true},"in2DMode":false,"pivot":{"x":2.5171966552734377,"y":0.2500001788139343,"z":-45.75065612792969},"rotation":{"x":-0.06117762252688408,"y":-0.6213483214378357,"z":0.04875761270523071,"w":-0.7796193361282349},"size":2.020829439163208,"orthographic":false}