{"cameraMode":{"drawMode":0,"name":"Shaded","section":"Shading Mode"},"sceneLighting":true,"audioPlay":false,"sceneViewState":{"showFog":true,"showMaterialUpdate":false,"showSkybox":true,"showFlares":true,"showImageEffects":true,"showParticleSystems":true},"in2DMode":false,"pivot":{"x":3.068000078201294,"y":0.9200000166893005,"z":-18.759654998779298},"rotation":{"x":-0.13945206999778748,"y":0.4355379343032837,"z":-0.06850087642669678,"w":-0.8866609334945679},"size":8.63617992401123,"orthographic":false}