{"cameraMode":{"drawMode":0,"name":"Shaded","section":"Shading Mode"},"sceneLighting":false,"audioPlay":false,"sceneViewState":{"showFog":true,"showMaterialUpdate":false,"showSkybox":true,"showFlares":true,"showImageEffects":true,"showParticleSystems":true},"in2DMode":false,"pivot":{"x":-1.9600000381469727,"y":0.07900001108646393,"z":0.0040000081062316898},"rotation":{"x":-0.0126064857468009,"y":-0.9789701104164124,"z":0.1933560073375702,"w":-0.06381317973136902},"size":5.4247002601623539,"orthographic":false}