{"cameraMode":{"drawMode":0,"name":"Shaded","section":"Shading Mode"},"sceneLighting":true,"audioPlay":false,"sceneViewState":{"showFog":true,"showMaterialUpdate":false,"showSkybox":true,"showFlares":true,"showImageEffects":true,"showParticleSystems":true},"in2DMode":false,"pivot":{"x":1.299370288848877,"y":0.9241324663162231,"z":-20.14704132080078},"rotation":{"x":0.16093473136425019,"y":0.06568130105733872,"z":-0.010734476149082184,"w":0.9847186207771301},"size":10.631514549255371,"orthographic":false}