{"cameraMode":{"drawMode":0,"name":"Shaded","section":"Shading Mode"},"sceneLighting":false,"audioPlay":false,"sceneViewState":{"showFog":true,"showMaterialUpdate":false,"showSkybox":true,"showFlares":true,"showImageEffects":true,"showParticleSystems":true},"in2DMode":false,"pivot":{"x":16.44384765625,"y":0.14584924280643464,"z":-54.616085052490237},"rotation":{"x":-0.1576620489358902,"y":-0.4526158571243286,"z":0.08165763318538666,"w":-0.8738499283790588},"size":3.06943416595459,"orthographic":false}