{"cameraMode":{"drawMode":0,"name":"Shaded","section":"Shading Mode"},"sceneLighting":false,"audioPlay":false,"sceneViewState":{"showFog":true,"showMaterialUpdate":false,"showSkybox":true,"showFlares":true,"showImageEffects":true,"showParticleSystems":true},"in2DMode":false,"pivot":{"x":-1.4901161193847657e-7,"y":0.7984368801116943,"z":-0.14584967494010926},"rotation":{"x":-0.1576620489358902,"y":-0.4526158571243286,"z":0.08165763318538666,"w":-0.8738499283790588},"size":3.0694377422332765,"orthographic":false}