{"cameraMode":{"drawMode":0,"name":"Shaded","section":"Shading Mode"},"sceneLighting":false,"audioPlay":false,"sceneViewState":{"showFog":true,"showMaterialUpdate":false,"showSkybox":true,"showFlares":true,"showImageEffects":true,"showParticleSystems":true},"in2DMode":false,"pivot":{"x":14.662862777709961,"y":0.40676936507225039,"z":-8.067099571228028},"rotation":{"x":0.07583095133304596,"y":-0.426423579454422,"z":0.03590397909283638,"w":0.9006239771842957},"size":7.075618743896484,"orthographic":false}