{"cameraMode":{"drawMode":0,"name":"Shaded","section":"Shading Mode"},"sceneLighting":false,"audioPlay":false,"sceneViewState":{"showFog":true,"showMaterialUpdate":false,"showSkybox":true,"showFlares":true,"showImageEffects":true,"showParticleSystems":true},"in2DMode":false,"pivot":{"x":-5.05494499206543,"y":2.5166640281677248,"z":-39.639739990234378},"rotation":{"x":-0.19353775680065156,"y":0.18332496285438538,"z":-0.036839570850133899,"w":-0.963108479976654},"size":20.641857147216798,"orthographic":false}