{"cameraMode":{"drawMode":0,"name":"Shaded","section":"Shading Mode"},"sceneLighting":false,"audioPlay":false,"sceneViewState":{"showFog":true,"showMaterialUpdate":false,"showSkybox":true,"showFlares":true,"showImageEffects":true,"showParticleSystems":true},"in2DMode":false,"pivot":{"x":0.3449999988079071,"y":-0.6190000176429749,"z":-0.15600000321865083},"rotation":{"x":-0.2717704474925995,"y":0.29336127638816836,"z":-0.0873817428946495,"w":-0.9123839139938355},"size":22.0,"orthographic":false}