{"cameraMode":{"drawMode":0,"name":"Shaded","section":"Shading Mode"},"sceneLighting":false,"audioPlay":false,"sceneViewState":{"showFog":true,"showMaterialUpdate":false,"showSkybox":true,"showFlares":true,"showImageEffects":true,"showParticleSystems":true},"in2DMode":false,"pivot":{"x":0.3449999988079071,"y":-0.6190000176429749,"z":-0.15600000321865083},"rotation":{"x":-0.33036038279533389,"y":-0.20142357051372529,"z":0.07238224893808365,"w":-0.9192667603492737},"size":22.0,"orthographic":false}