{"cameraMode":{"drawMode":0,"name":"Shaded","section":"Shading Mode"},"sceneLighting":false,"audioPlay":false,"sceneViewState":{"showFog":true,"showMaterialUpdate":false,"showSkybox":true,"showFlares":true,"showImageEffects":true,"showParticleSystems":true},"in2DMode":false,"pivot":{"x":-4.6535186767578129,"y":1.4600000381469727,"z":-2.0939788818359377},"rotation":{"x":0.25957995653152468,"y":0.44922029972076418,"z":-0.138222336769104,"w":0.8436314463615418},"size":0.5706825256347656,"orthographic":false}