{"cameraMode":{"drawMode":0,"name":"Shaded","section":"Shading Mode"},"sceneLighting":false,"audioPlay":false,"sceneViewState":{"showFog":true,"showMaterialUpdate":false,"showSkybox":true,"showFlares":true,"showImageEffects":true,"showParticleSystems":true},"in2DMode":false,"pivot":{"x":0.023982731625437738,"y":0.5463315844535828,"z":-0.10233837366104126},"rotation":{"x":-0.057199109345674518,"y":0.9428007006645203,"z":-0.2325281798839569,"w":-0.23191767930984498},"size":8.019205093383789,"orthographic":false}