{"cameraMode":{"drawMode":0,"name":"Shaded","section":"Shading Mode"},"sceneLighting":false,"audioPlay":false,"sceneViewState":{"showFog":true,"showMaterialUpdate":false,"showSkybox":true,"showFlares":true,"showImageEffects":true,"showParticleSystems":true},"in2DMode":false,"pivot":{"x":-0.000629723072052002,"y":0.9824052453041077,"z":-0.027464494109153749},"rotation":{"x":0.08269890397787094,"y":0.16809478402137757,"z":-0.014153266325592995,"w":0.9821938872337341},"size":3.474472761154175,"orthographic":true}