{"cameraMode":{"drawMode":0,"name":"Shaded","section":"Shading Mode"},"sceneLighting":true,"audioPlay":false,"sceneViewState":{"showFog":true,"showMaterialUpdate":false,"showSkybox":true,"showFlares":true,"showImageEffects":true,"showParticleSystems":true},"in2DMode":false,"pivot":{"x":3.068000078201294,"y":0.9200000166893005,"z":-18.759654998779298},"rotation":{"x":0.13571515679359437,"y":-0.07215607911348343,"z":0.00991089828312397,"w":0.9880671501159668},"size":16.43143081665039,"orthographic":false}