{"cameraMode":{"drawMode":0,"name":"Shaded","section":"Shading Mode"},"sceneLighting":false,"audioPlay":false,"sceneViewState":{"showFog":true,"showMaterialUpdate":false,"showSkybox":true,"showFlares":true,"showImageEffects":true,"showParticleSystems":true},"in2DMode":false,"pivot":{"x":-22.437332153320314,"y":5.960464477539063e-8,"z":5.0316162109375},"rotation":{"x":-0.057199109345674518,"y":0.9428007006645203,"z":-0.2325281798839569,"w":-0.23191767930984498},"size":2.5895211696624758,"orthographic":false}