{"cameraMode":{"drawMode":0,"name":"Shaded","section":"Shading Mode"},"sceneLighting":false,"audioPlay":false,"sceneViewState":{"showFog":true,"showMaterialUpdate":false,"showSkybox":true,"showFlares":true,"showImageEffects":true,"showParticleSystems":true},"in2DMode":false,"pivot":{"x":49.64112854003906,"y":1.5552115440368653,"z":39.653167724609378},"rotation":{"x":0.14688216149806977,"y":-0.5323402881622315,"z":0.09439774602651596,"w":0.8283287286758423},"size":6.1460280418396,"orthographic":false}